edge_id,time_window_start,time_window_end,travel_time_multiplier
0,06:00,09:00,1.2
0,09:00,16:00,1.0
0,16:00,20:00,1.5
0,20:00,06:00,0.8
1,06:00,09:00,1.2
1,09:00,16:00,1.0
1,16:00,20:00,1.5
1,20:00,06:00,0.8
2,06:00,09:00,1.2
2,09:00,16:00,1.0
2,16:00,20:00,1.5
2,20:00,06:00,0.8
3,06:00,09:00,1.2
3,09:00,16:00,1.0
3,16:00,20:00,1.5
3,20:00,06:00,0.8
4,06:00,09:00,1.2
4,09:00,16:00,1.0
4,16:00,20:00,1.5
4,20:00,06:00,0.8
5,06:00,09:00,1.2
5,09:00,16:00,1.0
5,16:00,20:00,1.5
5,20:00,06:00,0.8
6,06:00,09:00,1.2
6,09:00,16:00,1.0
6,16:00,20:00,1.5
6,20:00,06:00,0.8
7,06:00,09:00,1.2
7,09:00,16:00,1.0
7,16:00,20:00,1.5
7,20:00,06:00,0.8
8,06:00,09:00,1.2
8,09:00,16:00,1.0
8,16:00,20:00,1.5
8,20:00,06:00,0.8
9,06:00,09:00,1.2
9,09:00,16:00,1.0
9,16:00,20:00,1.5
9,20:00,06:00,0.8
10,06:00,09:00,1.2
10,09:00,16:00,1.0
10,16:00,20:00,1.5
10,20:00,06:00,0.8
11,06:00,09:00,1.2
11,09:00,16:00,1.0
11,16:00,20:00,1.5
11,20:00,06:00,0.8
12,06:00,09:00,1.2
12,09:00,16:00,1.0
12,16:00,20:00,1.5
12,20:00,06:00,0.8
13,06:00,09:00,1.2
13,09:00,16:00,1.0
13,16:00,20:00,1.5
13,20:00,06:00,0.8
14,06:00,09:00,1.2
14,09:00,16:00,1.0
14,16:00,20:00,1.5
14,20:00,06:00,0.8
15,06:00,09:00,1.2
15,09:00,16:00,1.0
15,16:00,20:00,1.5
15,20:00,06:00,0.8
16,06:00,09:00,1.2
16,09:00,16:00,1.0
16,16:00,20:00,1.5
16,20:00,06:00,0.8
17,06:00,09:00,1.2
17,09:00,16:00,1.0
17,16:00,20:00,1.5
17,20:00,06:00,0.8
18,06:00,09:00,1.2
18,09:00,16:00,1.0
18,16:00,20:00,1.5
18,20:00,06:00,0.8
19,06:00,09:00,1.2
19,09:00,16:00,1.0
19,16:00,20:00,1.5
19,20:00,06:00,0.8
20,06:00,09:00,1.2
20,09:00,16:00,1.0
20,16:00,20:00,1.5
20,20:00,06:00,0.8
21,06:00,09:00,1.2
21,09:00,16:00,1.0
21,16:00,20:00,1.5
21,20:00,06:00,0.8
22,06:00,09:00,1.2
22,09:00,16:00,1.0
22,16:00,20:00,1.5
22,20:00,06:00,0.8
23,06:00,09:00,1.2
23,09:00,16:00,1.0
23,16:00,20:00,1.5
23,20:00,06:00,0.8
24,06:00,09:00,1.2
24,09:00,16:00,1.0
24,16:00,20:00,1.5
24,20:00,06:00,0.8
25,06:00,09:00,1.2
25,09:00,16:00,1.0
25,16:00,20:00,1.5
25,20:00,06:00,0.8
26,06:00,09:00,1.2
26,09:00,16:00,1.0
26,16:00,20:00,1.5
26,20:00,06:00,0.8
27,06:00,09:00,1.2
27,09:00,16:00,1.0
27,16:00,20:00,1.5
27,20:00,06:00,0.8
28,06:00,09:00,1.2
28,09:00,16:00,1.0
28,16:00,20:00,1.5
28,20:00,06:00,0.8
29,06:00,09:00,1.2
29,09:00,16:00,1.0
29,16:00,20:00,1.5
29,20:00,06:00,0.8
30,06:00,09:00,1.2
30,09:00,16:00,1.0
30,16:00,20:00,1.5
30,20:00,06:00,0.8
31,06:00,09:00,1.2
31,09:00,16:00,1.0
31,16:00,20:00,1.5
31,20:00,06:00,0.8
32,06:00,09:00,1.2
32,09:00,16:00,1.0
32,16:00,20:00,1.5
32,20:00,06:00,0.8
33,06:00,09:00,1.2
33,09:00,16:00,1.0
33,16:00,20:00,1.5
33,20:00,06:00,0.8
34,06:00,09:00,1.2
34,09:00,16:00,1.0
34,16:00,20:00,1.5
34,20:00,06:00,0.8
35,06:00,09:00,1.2
35,09:00,16:00,1.0
35,16:00,20:00,1.5
35,20:00,06:00,0.8
36,06:00,09:00,1.2
36,09:00,16:00,1.0
36,16:00,20:00,1.5
36,20:00,06:00,0.8
37,06:00,09:00,1.2
37,09:00,16:00,1.0
37,16:00,20:00,1.5
37,20:00,06:00,0.8
38,06:00,09:00,1.2
38,09:00,16:00,1.0
38,16:00,20:00,1.5
38,20:00,06:00,0.8
39,06:00,09:00,1.2
39,09:00,16:00,1.0
39,16:00,20:00,1.5
39,20:00,06:00,0.8
40,06:00,09:00,1.2
40,09:00,16:00,1.0
40,16:00,20:00,1.5
40,20:00,06:00,0.8
41,06:00,09:00,1.2
41,09:00,16:00,1.0
41,16:00,20:00,1.5
41,20:00,06:00,0.8
42,06:00,09:00,1.2
42,09:00,16:00,1.0
42,16:00,20:00,1.5
42,20:00,06:00,0.8
43,06:00,09:00,1.2
43,09:00,16:00,1.0
43,16:00,20:00,1.5
43,20:00,06:00,0.8
44,06:00,09:00,1.2
44,09:00,16:00,1.0
44,16:00,20:00,1.5
44,20:00,06:00,0.8
45,06:00,09:00,1.2
45,09:00,16:00,1.0
45,16:00,20:00,1.5
45,20:00,06:00,0.8
46,06:00,09:00,1.2
46,09:00,16:00,1.0
46,16:00,20:00,1.5
46,20:00,06:00,0.8
47,06:00,09:00,1.2
47,09:00,16:00,1.0
47,16:00,20:00,1.5
47,20:00,06:00,0.8
48,06:00,09:00,1.2
48,09:00,16:00,1.0
48,16:00,20:00,1.5
48,20:00,06:00,0.8
49,06:00,09:00,1.2
49,09:00,16:00,1.0
49,16:00,20:00,1.5
49,20:00,06:00,0.8
50,06:00,09:00,1.2
50,09:00,16:00,1.0
50,16:00,20:00,1.5
50,20:00,06:00,0.8
51,06:00,09:00,1.2
51,09:00,16:00,1.0
51,16:00,20:00,1.5
51,20:00,06:00,0.8
52,06:00,09:00,1.2
52,09:00,16:00,1.0
52,16:00,20:00,1.5
52,20:00,06:00,0.8
53,06:00,09:00,1.2
53,09:00,16:00,1.0
53,16:00,20:00,1.5
53,20:00,06:00,0.8
54,06:00,09:00,1.2
54,09:00,16:00,1.0
54,16:00,20:00,1.5
54,20:00,06:00,0.8
55,06:00,09:00,1.2
55,09:00,16:00,1.0
55,16:00,20:00,1.5
55,20:00,06:00,0.8
56,06:00,09:00,1.2
56,09:00,16:00,1.0
56,16:00,20:00,1.5
56,20:00,06:00,0.8
57,06:00,09:00,1.2
57,09:00,16:00,1.0
57,16:00,20:00,1.5
57,20:00,06:00,0.8
58,06:00,09:00,1.2
58,09:00,16:00,1.0
58,16:00,20:00,1.5
58,20:00,06:00,0.8
59,06:00,09:00,1.2
59,09:00,16:00,1.0
59,16:00,20:00,1.5
59,20:00,06:00,0.8
60,06:00,09:00,1.2
60,09:00,16:00,1.0
60,16:00,20:00,1.5
60,20:00,06:00,0.8
61,06:00,09:00,1.2
61,09:00,16:00,1.0
61,16:00,20:00,1.5
61,20:00,06:00,0.8
62,06:00,09:00,1.2
62,09:00,16:00,1.0
62,16:00,20:00,1.5
62,20:00,06:00,0.8
63,06:00,09:00,1.2
63,09:00,16:00,1.0
63,16:00,20:00,1.5
63,20:00,06:00,0.8
64,06:00,09:00,1.2
64,09:00,16:00,1.0
64,16:00,20:00,1.5
64,20:00,06:00,0.8
65,06:00,09:00,1.2
65,09:00,16:00,1.0
65,16:00,20:00,1.5
65,20:00,06:00,0.8
66,06:00,09:00,1.2
66,09:00,16:00,1.0
66,16:00,20:00,1.5
66,20:00,06:00,0.8
67,06:00,09:00,1.2
67,09:00,16:00,1.0
67,16:00,20:00,1.5
67,20:00,06:00,0.8
68,06:00,09:00,1.2
68,09:00,16:00,1.0
68,16:00,20:00,1.5
68,20:00,06:00,0.8
69,06:00,09:00,1.2
69,09:00,16:00,1.0
69,16:00,20:00,1.5
69,20:00,06:00,0.8
70,06:00,09:00,1.2
70,09:00,16:00,1.0
70,16:00,20:00,1.5
70,20:00,06:00,0.8
71,06:00,09:00,1.2
71,09:00,16:00,1.0
71,16:00,20:00,1.5
71,20:00,06:00,0.8
72,06:00,09:00,1.2
72,09:00,16:00,1.0
72,16:00,20:00,1.5
72,20:00,06:00,0.8
73,06:00,09:00,1.2
73,09:00,16:00,1.0
73,16:00,20:00,1.5
73,20:00,06:00,0.8
74,06:00,09:00,1.2
74,09:00,16:00,1.0
74,16:00,20:00,1.5
74,20:00,06:00,0.8
75,06:00,09:00,1.2
75,09:00,16:00,1.0
75,16:00,20:00,1.5
75,20:00,06:00,0.8
76,06:00,09:00,1.2
76,09:00,16:00,1.0
76,16:00,20:00,1.5
76,20:00,06:00,0.8
77,06:00,09:00,1.2
77,09:00,16:00,1.0
77,16:00,20:00,1.5
77,20:00,06:00,0.8
78,06:00,09:00,1.2
78,09:00,16:00,1.0
78,16:00,20:00,1.5
78,20:00,06:00,0.8
79,06:00,09:00,1.2
79,09:00,16:00,1.0
79,16:00,20:00,1.5
79,20:00,06:00,0.8
80,06:00,09:00,1.2
80,09:00,16:00,1.0
80,16:00,20:00,1.5
80,20:00,06:00,0.8
81,06:00,09:00,1.2
81,09:00,16:00,1.0
81,16:00,20:00,1.5
81,20:00,06:00,0.8
82,06:00,09:00,1.2
82,09:00,16:00,1.0
82,16:00,20:00,1.5
82,20:00,06:00,0.8
83,06:00,09:00,1.2
83,09:00,16:00,1.0
83,16:00,20:00,1.5
83,20:00,06:00,0.8
84,06:00,09:00,1.2
84,09:00,16:00,1.0
84,16:00,20:00,1.5
84,20:00,06:00,0.8
85,06:00,09:00,1.2
85,09:00,16:00,1.0
85,16:00,20:00,1.5
85,20:00,06:00,0.8
86,06:00,09:00,1.2
86,09:00,16:00,1.0
86,16:00,20:00,1.5
86,20:00,06:00,0.8
87,06:00,09:00,1.2
87,09:00,16:00,1.0
87,16:00,20:00,1.5
87,20:00,06:00,0.8
88,06:00,09:00,1.2
88,09:00,16:00,1.0
88,16:00,20:00,1.5
88,20:00,06:00,0.8
89,06:00,09:00,1.2
89,09:00,16:00,1.0
89,16:00,20:00,1.5
89,20:00,06:00,0.8
90,06:00,09:00,1.2
90,09:00,16:00,1.0
90,16:00,20:00,1.5
90,20:00,06:00,0.8
91,06:00,09:00,1.2
91,09:00,16:00,1.0
91,16:00,20:00,1.5
91,20:00,06:00,0.8
92,06:00,09:00,1.2
92,09:00,16:00,1.0
92,16:00,20:00,1.5
92,20:00,06:00,0.8
93,06:00,09:00,1.2
93,09:00,16:00,1.0
93,16:00,20:00,1.5
93,20:00,06:00,0.8
94,06:00,09:00,1.2
94,09:00,16:00,1.0
94,16:00,20:00,1.5
94,20:00,06:00,0.8
95,06:00,09:00,1.2
95,09:00,16:00,1.0
95,16:00,20:00,1.5
95,20:00,06:00,0.8
96,06:00,09:00,1.2
96,09:00,16:00,1.0
96,16:00,20:00,1.5
96,20:00,06:00,0.8
97,06:00,09:00,1.2
97,09:00,16:00,1.0
97,16:00,20:00,1.5
97,20:00,06:00,0.8
98,06:00,09:00,1.2
98,09:00,16:00,1.0
98,16:00,20:00,1.5
98,20:00,06:00,0.8
99,06:00,09:00,1.2
99,09:00,16:00,1.0
99,16:00,20:00,1.5
99,20:00,06:00,0.8
100,06:00,09:00,1.2
100,09:00,16:00,1.0
100,16:00,20:00,1.5
100,20:00,06:00,0.8
101,06:00,09:00,1.2
101,09:00,16:00,1.0
101,16:00,20:00,1.5
101,20:00,06:00,0.8
102,06:00,09:00,1.2
102,09:00,16:00,1.0
102,16:00,20:00,1.5
102,20:00,06:00,0.8
103,06:00,09:00,1.2
103,09:00,16:00,1.0
103,16:00,20:00,1.5
103,20:00,06:00,0.8
104,06:00,09:00,1.2
104,09:00,16:00,1.0
104,16:00,20:00,1.5
104,20:00,06:00,0.8
105,06:00,09:00,1.2
105,09:00,16:00,1.0
105,16:00,20:00,1.5
105,20:00,06:00,0.8
106,06:00,09:00,1.2
106,09:00,16:00,1.0
106,16:00,20:00,1.5
106,20:00,06:00,0.8
107,06:00,09:00,1.2
107,09:00,16:00,1.0
107,16:00,20:00,1.5
107,20:00,06:00,0.8
108,06:00,09:00,1.2
108,09:00,16:00,1.0
108,16:00,20:00,1.5
108,20:00,06:00,0.8
109,06:00,09:00,1.2
109,09:00,16:00,1.0
109,16:00,20:00,1.5
109,20:00,06:00,0.8
110,06:00,09:00,1.2
110,09:00,16:00,1.0
110,16:00,20:00,1.5
110,20:00,06:00,0.8
111,06:00,09:00,1.2
111,09:00,16:00,1.0
111,16:00,20:00,1.5
111,20:00,06:00,0.8
112,06:00,09:00,1.2
112,09:00,16:00,1.0
112,16:00,20:00,1.5
112,20:00,06:00,0.8
113,06:00,09:00,1.2
113,09:00,16:00,1.0
113,16:00,20:00,1.5
113,20:00,06:00,0.8
114,06:00,09:00,1.2
114,09:00,16:00,1.0
114,16:00,20:00,1.5
114,20:00,06:00,0.8
115,06:00,09:00,1.2
115,09:00,16:00,1.0
115,16:00,20:00,1.5
115,20:00,06:00,0.8
116,06:00,09:00,1.2
116,09:00,16:00,1.0
116,16:00,20:00,1.5
116,20:00,06:00,0.8
117,06:00,09:00,1.2
117,09:00,16:00,1.0
117,16:00,20:00,1.5
117,20:00,06:00,0.8
118,06:00,09:00,1.2
118,09:00,16:00,1.0
118,16:00,20:00,1.5
118,20:00,06:00,0.8
119,06:00,09:00,1.2
119,09:00,16:00,1.0
119,16:00,20:00,1.5
119,20:00,06:00,0.8
120,06:00,09:00,1.2
120,09:00,16:00,1.0
120,16:00,20:00,1.5
120,20:00,06:00,0.8
121,06:00,09:00,1.2
121,09:00,16:00,1.0
121,16:00,20:00,1.5
121,20:00,06:00,0.8
122,06:00,09:00,1.2
122,09:00,16:00,1.0
122,16:00,20:00,1.5
122,20:00,06:00,0.8
123,06:00,09:00,1.2
123,09:00,16:00,1.0
123,16:00,20:00,1.5
123,20:00,06:00,0.8
124,06:00,09:00,1.2
124,09:00,16:00,1.0
124,16:00,20:00,1.5
124,20:00,06:00,0.8
125,06:00,09:00,1.2
125,09:00,16:00,1.0
125,16:00,20:00,1.5
125,20:00,06:00,0.8
126,06:00,09:00,1.2
126,09:00,16:00,1.0
126,16:00,20:00,1.5
126,20:00,06:00,0.8
127,06:00,09:00,1.2
127,09:00,16:00,1.0
127,16:00,20:00,1.5
127,20:00,06:00,0.8
128,06:00,09:00,1.2
128,09:00,16:00,1.0
128,16:00,20:00,1.5
128,20:00,06:00,0.8
129,06:00,09:00,1.2
129,09:00,16:00,1.0
129,16:00,20:00,1.5
129,20:00,06:00,0.8
130,06:00,09:00,1.2
130,09:00,16:00,1.0
130,16:00,20:00,1.5
130,20:00,06:00,0.8
131,06:00,09:00,1.2
131,09:00,16:00,1.0
131,16:00,20:00,1.5
131,20:00,06:00,0.8
132,06:00,09:00,1.2
132,09:00,16:00,1.0
132,16:00,20:00,1.5
132,20:00,06:00,0.8
133,06:00,09:00,1.2
133,09:00,16:00,1.0
133,16:00,20:00,1.5
133,20:00,06:00,0.8
134,06:00,09:00,1.2
134,09:00,16:00,1.0
134,16:00,20:00,1.5
134,20:00,06:00,0.8
135,06:00,09:00,1.2
135,09:00,16:00,1.0
135,16:00,20:00,1.5
135,20:00,06:00,0.8
136,06:00,09:00,1.2
136,09:00,16:00,1.0
136,16:00,20:00,1.5
136,20:00,06:00,0.8
137,06:00,09:00,1.2
137,09:00,16:00,1.0
137,16:00,20:00,1.5
137,20:00,06:00,0.8
138,06:00,09:00,1.2
138,09:00,16:00,1.0
138,16:00,20:00,1.5
138,20:00,06:00,0.8
139,06:00,09:00,1.2
139,09:00,16:00,1.0
139,16:00,20:00,1.5
139,20:00,06:00,0.8
140,06:00,09:00,1.2
140,09:00,16:00,1.0
140,16:00,20:00,1.5
140,20:00,06:00,0.8
141,06:00,09:00,1.2
141,09:00,16:00,1.0
141,16:00,20:00,1.5
141,20:00,06:00,0.8
142,06:00,09:00,1.2
142,09:00,16:00,1.0
142,16:00,20:00,1.5
142,20:00,06:00,0.8
143,06:00,09:00,1.2
143,09:00,16:00,1.0
143,16:00,20:00,1.5
143,20:00,06:00,0.8
144,06:00,09:00,1.2
144,09:00,16:00,1.0
144,16:00,20:00,1.5
144,20:00,06:00,0.8
145,06:00,09:00,1.2
145,09:00,16:00,1.0
145,16:00,20:00,1.5
145,20:00,06:00,0.8
146,06:00,09:00,1.2
146,09:00,16:00,1.0
146,16:00,20:00,1.5
146,20:00,06:00,0.8
147,06:00,09:00,1.2
147,09:00,16:00,1.0
147,16:00,20:00,1.5
147,20:00,06:00,0.8
148,06:00,09:00,1.2
148,09:00,16:00,1.0
148,16:00,20:00,1.5
148,20:00,06:00,0.8
149,06:00,09:00,1.2
149,09:00,16:00,1.0
149,16:00,20:00,1.5
149,20:00,06:00,0.8
150,06:00,09:00,1.2
150,09:00,16:00,1.0
150,16:00,20:00,1.5
150,20:00,06:00,0.8
151,06:00,09:00,1.2
151,09:00,16:00,1.0
151,16:00,20:00,1.5
151,20:00,06:00,0.8
152,06:00,09:00,1.2
152,09:00,16:00,1.0
152,16:00,20:00,1.5
152,20:00,06:00,0.8
153,06:00,09:00,1.2
153,09:00,16:00,1.0
153,16:00,20:00,1.5
153,20:00,06:00,0.8
154,06:00,09:00,1.2
154,09:00,16:00,1.0
154,16:00,20:00,1.5
154,20:00,06:00,0.8
155,06:00,09:00,1.2
155,09:00,16:00,1.0
155,16:00,20:00,1.5
155,20:00,06:00,0.8
156,06:00,09:00,1.2
156,09:00,16:00,1.0
156,16:00,20:00,1.5
156,20:00,06:00,0.8
157,06:00,09:00,1.2
157,09:00,16:00,1.0
157,16:00,20:00,1.5
157,20:00,06:00,0.8
158,06:00,09:00,1.2
158,09:00,16:00,1.0
158,16:00,20:00,1.5
158,20:00,06:00,0.8
159,06:00,09:00,1.2
159,09:00,16:00,1.0
159,16:00,20:00,1.5
159,20:00,06:00,0.8
160,06:00,09:00,1.2
160,09:00,16:00,1.0
160,16:00,20:00,1.5
160,20:00,06:00,0.8
161,06:00,09:00,1.2
161,09:00,16:00,1.0
161,16:00,20:00,1.5
161,20:00,06:00,0.8
162,06:00,09:00,1.2
162,09:00,16:00,1.0
162,16:00,20:00,1.5
162,20:00,06:00,0.8
163,06:00,09:00,1.2
163,09:00,16:00,1.0
163,16:00,20:00,1.5
163,20:00,06:00,0.8
164,06:00,09:00,1.2
164,09:00,16:00,1.0
164,16:00,20:00,1.5
164,20:00,06:00,0.8
165,06:00,09:00,1.2
165,09:00,16:00,1.0
165,16:00,20:00,1.5
165,20:00,06:00,0.8
166,06:00,09:00,1.2
166,09:00,16:00,1.0
166,16:00,20:00,1.5
166,20:00,06:00,0.8
167,06:00,09:00,1.2
167,09:00,16:00,1.0
167,16:00,20:00,1.5
167,20:00,06:00,0.8
168,06:00,09:00,1.2
168,09:00,16:00,1.0
168,16:00,20:00,1.5
168,20:00,06:00,0.8
169,06:00,09:00,1.2
169,09:00,16:00,1.0
169,16:00,20:00,1.5
169,20:00,06:00,0.8
170,06:00,09:00,1.2
170,09:00,16:00,1.0
170,16:00,20:00,1.5
170,20:00,06:00,0.8
171,06:00,09:00,1.2
171,09:00,16:00,1.0
171,16:00,20:00,1.5
171,20:00,06:00,0.8
172,06:00,09:00,1.2
172,09:00,16:00,1.0
172,16:00,20:00,1.5
172,20:00,06:00,0.8
173,06:00,09:00,1.2
173,09:00,16:00,1.0
173,16:00,20:00,1.5
173,20:00,06:00,0.8
174,06:00,09:00,1.2
174,09:00,16:00,1.0
174,16:00,20:00,1.5
174,20:00,06:00,0.8
175,06:00,09:00,1.2
175,09:00,16:00,1.0
175,16:00,20:00,1.5
175,20:00,06:00,0.8
176,06:00,09:00,1.2
176,09:00,16:00,1.0
176,16:00,20:00,1.5
176,20:00,06:00,0.8
177,06:00,09:00,1.2
177,09:00,16:00,1.0
177,16:00,20:00,1.5
177,20:00,06:00,0.8
178,06:00,09:00,1.2
178,09:00,16:00,1.0
178,16:00,20:00,1.5
178,20:00,06:00,0.8
179,06:00,09:00,1.2
179,09:00,16:00,1.0
179,16:00,20:00,1.5
179,20:00,06:00,0.8
180,06:00,09:00,1.2
180,09:00,16:00,1.0
180,16:00,20:00,1.5
180,20:00,06:00,0.8
181,06:00,09:00,1.2
181,09:00,16:00,1.0
181,16:00,20:00,1.5
181,20:00,06:00,0.8
182,06:00,09:00,1.2
182,09:00,16:00,1.0
182,16:00,20:00,1.5
182,20:00,06:00,0.8
183,06:00,09:00,1.2
183,09:00,16:00,1.0
183,16:00,20:00,1.5
183,20:00,06:00,0.8
184,06:00,09:00,1.2
184,09:00,16:00,1.0
184,16:00,20:00,1.5
184,20:00,06:00,0.8
185,06:00,09:00,1.2
185,09:00,16:00,1.0
185,16:00,20:00,1.5
185,20:00,06:00,0.8
186,06:00,09:00,1.2
186,09:00,16:00,1.0
186,16:00,20:00,1.5
186,20:00,06:00,0.8
187,06:00,09:00,1.2
187,09:00,16:00,1.0
187,16:00,20:00,1.5
187,20:00,06:00,0.8
188,06:00,09:00,1.2
188,09:00,16:00,1.0
188,16:00,20:00,1.5
188,20:00,06:00,0.8
189,06:00,09:00,1.2
189,09:00,16:00,1.0
189,16:00,20:00,1.5
189,20:00,06:00,0.8
190,06:00,09:00,1.2
190,09:00,16:00,1.0
190,16:00,20:00,1.5
190,20:00,06:00,0.8
191,06:00,09:00,1.2
191,09:00,16:00,1.0
191,16:00,20:00,1.5
191,20:00,06:00,0.8
192,06:00,09:00,1.2
192,09:00,16:00,1.0
192,16:00,20:00,1.5
192,20:00,06:00,0.8
193,06:00,09:00,1.2
193,09:00,16:00,1.0
193,16:00,20:00,1.5
193,20:00,06:00,0.8
194,06:00,09:00,1.2
194,09:00,16:00,1.0
194,16:00,20:00,1.5
194,20:00,06:00,0.8
195,06:00,09:00,1.2
195,09:00,16:00,1.0
195,16:00,20:00,1.5
195,20:00,06:00,0.8
196,06:00,09:00,1.2
196,09:00,16:00,1.0
196,16:00,20:00,1.5
196,20:00,06:00,0.8
197,06:00,09:00,1.2
197,09:00,16:00,1.0
197,16:00,20:00,1.5
197,20:00,06:00,0.8
198,06:00,09:00,1.2
198,09:00,16:00,1.0
198,16:00,20:00,1.5
198,20:00,06:00,0.8
199,06:00,09:00,1.2
199,09:00,16:00,1.0
199,16:00,20:00,1.5
199,20:00,06:00,0.8
200,06:00,09:00,1.2
200,09:00,16:00,1.0
200,16:00,20:00,1.5
200,20:00,06:00,0.8
201,06:00,09:00,1.2
201,09:00,16:00,1.0
201,16:00,20:00,1.5
201,20:00,06:00,0.8
202,06:00,09:00,1.2
202,09:00,16:00,1.0
202,16:00,20:00,1.5
202,20:00,06:00,0.8
203,06:00,09:00,1.2
203,09:00,16:00,1.0
203,16:00,20:00,1.5
203,20:00,06:00,0.8
204,06:00,09:00,1.2
204,09:00,16:00,1.0
204,16:00,20:00,1.5
204,20:00,06:00,0.8
205,06:00,09:00,1.2
205,09:00,16:00,1.0
205,16:00,20:00,1.5
205,20:00,06:00,0.8
206,06:00,09:00,1.2
206,09:00,16:00,1.0
206,16:00,20:00,1.5
206,20:00,06:00,0.8
207,06:00,09:00,1.2
207,09:00,16:00,1.0
207,16:00,20:00,1.5
207,20:00,06:00,0.8
208,06:00,09:00,1.2
208,09:00,16:00,1.0
208,16:00,20:00,1.5
208,20:00,06:00,0.8
209,06:00,09:00,1.2
209,09:00,16:00,1.0
209,16:00,20:00,1.5
209,20:00,06:00,0.8
210,06:00,09:00,1.2
210,09:00,16:00,1.0
210,16:00,20:00,1.5
210,20:00,06:00,0.8
211,06:00,09:00,1.2
211,09:00,16:00,1.0
211,16:00,20:00,1.5
211,20:00,06:00,0.8
212,06:00,09:00,1.2
212,09:00,16:00,1.0
212,16:00,20:00,1.5
212,20:00,06:00,0.8
213,06:00,09:00,1.2
213,09:00,16:00,1.0
213,16:00,20:00,1.5
213,20:00,06:00,0.8
214,06:00,09:00,1.2
214,09:00,16:00,1.0
214,16:00,20:00,1.5
214,20:00,06:00,0.8
215,06:00,09:00,1.2
215,09:00,16:00,1.0
215,16:00,20:00,1.5
215,20:00,06:00,0.8
216,06:00,09:00,1.2
216,09:00,16:00,1.0
216,16:00,20:00,1.5
216,20:00,06:00,0.8
217,06:00,09:00,1.2
217,09:00,16:00,1.0
217,16:00,20:00,1.5
217,20:00,06:00,0.8
218,06:00,09:00,1.2
218,09:00,16:00,1.0
218,16:00,20:00,1.5
218,20:00,06:00,0.8
219,06:00,09:00,1.2
219,09:00,16:00,1.0
219,16:00,20:00,1.5
219,20:00,06:00,0.8
220,06:00,09:00,1.2
220,09:00,16:00,1.0
220,16:00,20:00,1.5
220,20:00,06:00,0.8
221,06:00,09:00,1.2
221,09:00,16:00,1.0
221,16:00,20:00,1.5
221,20:00,06:00,0.8
222,06:00,09:00,1.2
222,09:00,16:00,1.0
222,16:00,20:00,1.5
222,20:00,06:00,0.8
223,06:00,09:00,1.2
223,09:00,16:00,1.0
223,16:00,20:00,1.5
223,20:00,06:00,0.8
224,06:00,09:00,1.2
224,09:00,16:00,1.0
224,16:00,20:00,1.5
224,20:00,06:00,0.8
225,06:00,09:00,1.2
225,09:00,16:00,1.0
225,16:00,20:00,1.5
225,20:00,06:00,0.8
226,06:00,09:00,1.2
226,09:00,16:00,1.0
226,16:00,20:00,1.5
226,20:00,06:00,0.8
227,06:00,09:00,1.2
227,09:00,16:00,1.0
227,16:00,20:00,1.5
227,20:00,06:00,0.8
228,06:00,09:00,1.2
228,09:00,16:00,1.0
228,16:00,20:00,1.5
228,20:00,06:00,0.8
229,06:00,09:00,1.2
229,09:00,16:00,1.0
229,16:00,20:00,1.5
229,20:00,06:00,0.8
230,06:00,09:00,1.2
230,09:00,16:00,1.0
230,16:00,20:00,1.5
230,20:00,06:00,0.8
231,06:00,09:00,1.2
231,09:00,16:00,1.0
231,16:00,20:00,1.5
231,20:00,06:00,0.8
232,06:00,09:00,1.2
232,09:00,16:00,1.0
232,16:00,20:00,1.5
232,20:00,06:00,0.8
233,06:00,09:00,1.2
233,09:00,16:00,1.0
233,16:00,20:00,1.5
233,20:00,06:00,0.8
234,06:00,09:00,1.2
234,09:00,16:00,1.0
234,16:00,20:00,1.5
234,20:00,06:00,0.8
235,06:00,09:00,1.2
235,09:00,16:00,1.0
235,16:00,20:00,1.5
235,20:00,06:00,0.8
236,06:00,09:00,1.2
236,09:00,16:00,1.0
236,16:00,20:00,1.5
236,20:00,06:00,0.8
237,06:00,09:00,1.2
237,09:00,16:00,1.0
237,16:00,20:00,1.5
237,20:00,06:00,0.8
238,06:00,09:00,1.2
238,09:00,16:00,1.0
238,16:00,20:00,1.5
238,20:00,06:00,0.8
239,06:00,09:00,1.2
239,09:00,16:00,1.0
239,16:00,20:00,1.5
239,20:00,06:00,0.8
240,06:00,09:00,1.2
240,09:00,16:00,1.0
240,16:00,20:00,1.5
240,20:00,06:00,0.8
241,06:00,09:00,1.2
241,09:00,16:00,1.0
241,16:00,20:00,1.5
241,20:00,06:00,0.8
242,06:00,09:00,1.2
242,09:00,16:00,1.0
242,16:00,20:00,1.5
242,20:00,06:00,0.8
243,06:00,09:00,1.2
243,09:00,16:00,1.0
243,16:00,20:00,1.5
243,20:00,06:00,0.8
244,06:00,09:00,1.2
244,09:00,16:00,1.0
244,16:00,20:00,1.5
244,20:00,06:00,0.8
245,06:00,09:00,1.2
245,09:00,16:00,1.0
245,16:00,20:00,1.5
245,20:00,06:00,0.8
246,06:00,09:00,1.2
246,09:00,16:00,1.0
246,16:00,20:00,1.5
246,20:00,06:00,0.8
247,06:00,09:00,1.2
247,09:00,16:00,1.0
247,16:00,20:00,1.5
247,20:00,06:00,0.8
248,06:00,09:00,1.2
248,09:00,16:00,1.0
248,16:00,20:00,1.5
248,20:00,06:00,0.8
249,06:00,09:00,1.2
249,09:00,16:00,1.0
249,16:00,20:00,1.5
249,20:00,06:00,0.8
250,06:00,09:00,1.2
250,09:00,16:00,1.0
250,16:00,20:00,1.5
250,20:00,06:00,0.8
251,06:00,09:00,1.2
251,09:00,16:00,1.0
251,16:00,20:00,1.5
251,20:00,06:00,0.8
252,06:00,09:00,1.2
252,09:00,16:00,1.0
252,16:00,20:00,1.5
252,20:00,06:00,0.8
253,06:00,09:00,1.2
253,09:00,16:00,1.0
253,16:00,20:00,1.5
253,20:00,06:00,0.8
254,06:00,09:00,1.2
254,09:00,16:00,1.0
254,16:00,20:00,1.5
254,20:00,06:00,0.8
255,06:00,09:00,1.2
255,09:00,16:00,1.0
255,16:00,20:00,1.5
255,20:00,06:00,0.8
256,06:00,09:00,1.2
256,09:00,16:00,1.0
256,16:00,20:00,1.5
256,20:00,06:00,0.8
257,06:00,09:00,1.2
257,09:00,16:00,1.0
257,16:00,20:00,1.5
257,20:00,06:00,0.8
258,06:00,09:00,1.2
258,09:00,16:00,1.0
258,16:00,20:00,1.5
258,20:00,06:00,0.8
259,06:00,09:00,1.2
259,09:00,16:00,1.0
259,16:00,20:00,1.5
259,20:00,06:00,0.8
260,06:00,09:00,1.2
260,09:00,16:00,1.0
260,16:00,20:00,1.5
260,20:00,06:00,0.8
261,06:00,09:00,1.2
261,09:00,16:00,1.0
261,16:00,20:00,1.5
261,20:00,06:00,0.8
262,06:00,09:00,1.2
262,09:00,16:00,1.0
262,16:00,20:00,1.5
262,20:00,06:00,0.8
263,06:00,09:00,1.2
263,09:00,16:00,1.0
263,16:00,20:00,1.5
263,20:00,06:00,0.8
264,06:00,09:00,1.2
264,09:00,16:00,1.0
264,16:00,20:00,1.5
264,20:00,06:00,0.8
265,06:00,09:00,1.2
265,09:00,16:00,1.0
265,16:00,20:00,1.5
265,20:00,06:00,0.8
266,06:00,09:00,1.2
266,09:00,16:00,1.0
266,16:00,20:00,1.5
266,20:00,06:00,0.8
267,06:00,09:00,1.2
267,09:00,16:00,1.0
267,16:00,20:00,1.5
267,20:00,06:00,0.8
268,06:00,09:00,1.2
268,09:00,16:00,1.0
268,16:00,20:00,1.5
268,20:00,06:00,0.8
269,06:00,09:00,1.2
269,09:00,16:00,1.0
269,16:00,20:00,1.5
269,20:00,06:00,0.8
270,06:00,09:00,1.2
270,09:00,16:00,1.0
270,16:00,20:00,1.5
270,20:00,06:00,0.8
271,06:00,09:00,1.2
271,09:00,16:00,1.0
271,16:00,20:00,1.5
271,20:00,06:00,0.8
272,06:00,09:00,1.2
272,09:00,16:00,1.0
272,16:00,20:00,1.5
272,20:00,06:00,0.8
273,06:00,09:00,1.2
273,09:00,16:00,1.0
273,16:00,20:00,1.5
273,20:00,06:00,0.8
274,06:00,09:00,1.2
274,09:00,16:00,1.0
274,16:00,20:00,1.5
274,20:00,06:00,0.8
275,06:00,09:00,1.2
275,09:00,16:00,1.0
275,16:00,20:00,1.5
275,20:00,06:00,0.8
276,06:00,09:00,1.2
276,09:00,16:00,1.0
276,16:00,20:00,1.5
276,20:00,06:00,0.8
277,06:00,09:00,1.2
277,09:00,16:00,1.0
277,16:00,20:00,1.5
277,20:00,06:00,0.8
278,06:00,09:00,1.2
278,09:00,16:00,1.0
278,16:00,20:00,1.5
278,20:00,06:00,0.8
279,06:00,09:00,1.2
279,09:00,16:00,1.0
279,16:00,20:00,1.5
279,20:00,06:00,0.8
280,06:00,09:00,1.2
280,09:00,16:00,1.0
280,16:00,20:00,1.5
280,20:00,06:00,0.8
281,06:00,09:00,1.2
281,09:00,16:00,1.0
281,16:00,20:00,1.5
281,20:00,06:00,0.8
282,06:00,09:00,1.2
282,09:00,16:00,1.0
282,16:00,20:00,1.5
282,20:00,06:00,0.8
283,06:00,09:00,1.2
283,09:00,16:00,1.0
283,16:00,20:00,1.5
283,20:00,06:00,0.8
284,06:00,09:00,1.2
284,09:00,16:00,1.0
284,16:00,20:00,1.5
284,20:00,06:00,0.8
285,06:00,09:00,1.2
285,09:00,16:00,1.0
285,16:00,20:00,1.5
285,20:00,06:00,0.8
286,06:00,09:00,1.2
286,09:00,16:00,1.0
286,16:00,20:00,1.5
286,20:00,06:00,0.8
287,06:00,09:00,1.2
287,09:00,16:00,1.0
287,16:00,20:00,1.5
287,20:00,06:00,0.8
288,06:00,09:00,1.2
288,09:00,16:00,1.0
288,16:00,20:00,1.5
288,20:00,06:00,0.8
289,06:00,09:00,1.2
289,09:00,16:00,1.0
289,16:00,20:00,1.5
289,20:00,06:00,0.8
290,06:00,09:00,1.2
290,09:00,16:00,1.0
290,16:00,20:00,1.5
290,20:00,06:00,0.8
291,06:00,09:00,1.2
291,09:00,16:00,1.0
291,16:00,20:00,1.5
291,20:00,06:00,0.8
292,06:00,09:00,1.2
292,09:00,16:00,1.0
292,16:00,20:00,1.5
292,20:00,06:00,0.8
293,06:00,09:00,1.2
293,09:00,16:00,1.0
293,16:00,20:00,1.5
293,20:00,06:00,0.8
294,06:00,09:00,1.2
294,09:00,16:00,1.0
294,16:00,20:00,1.5
294,20:00,06:00,0.8
295,06:00,09:00,1.2
295,09:00,16:00,1.0
295,16:00,20:00,1.5
295,20:00,06:00,0.8
296,06:00,09:00,1.2
296,09:00,16:00,1.0
296,16:00,20:00,1.5
296,20:00,06:00,0.8
297,06:00,09:00,1.2
297,09:00,16:00,1.0
297,16:00,20:00,1.5
297,20:00,06:00,0.8
298,06:00,09:00,1.2
298,09:00,16:00,1.0
298,16:00,20:00,1.5
298,20:00,06:00,0.8
299,06:00,09:00,1.2
299,09:00,16:00,1.0
299,16:00,20:00,1.5
299,20:00,06:00,0.8
300,06:00,09:00,1.2
300,09:00,16:00,1.0
300,16:00,20:00,1.5
300,20:00,06:00,0.8
301,06:00,09:00,1.2
301,09:00,16:00,1.0
301,16:00,20:00,1.5
301,20:00,06:00,0.8
302,06:00,09:00,1.2
302,09:00,16:00,1.0
302,16:00,20:00,1.5
302,20:00,06:00,0.8
303,06:00,09:00,1.2
303,09:00,16:00,1.0
303,16:00,20:00,1.5
303,20:00,06:00,0.8
304,06:00,09:00,1.2
304,09:00,16:00,1.0
304,16:00,20:00,1.5
304,20:00,06:00,0.8
305,06:00,09:00,1.2
305,09:00,16:00,1.0
305,16:00,20:00,1.5
305,20:00,06:00,0.8
306,06:00,09:00,1.2
306,09:00,16:00,1.0
306,16:00,20:00,1.5
306,20:00,06:00,0.8
307,06:00,09:00,1.2
307,09:00,16:00,1.0
307,16:00,20:00,1.5
307,20:00,06:00,0.8
308,06:00,09:00,1.2
308,09:00,16:00,1.0
308,16:00,20:00,1.5
308,20:00,06:00,0.8
310,06:00,09:00,1.2
310,09:00,16:00,1.0
310,16:00,20:00,1.5
310,20:00,06:00,0.8
311,06:00,09:00,1.2
311,09:00,16:00,1.0
311,16:00,20:00,1.5
311,20:00,06:00,0.8
312,06:00,09:00,1.2
312,09:00,16:00,1.0
312,16:00,20:00,1.5
312,20:00,06:00,0.8
313,06:00,09:00,1.2
313,09:00,16:00,1.0
313,16:00,20:00,1.5
313,20:00,06:00,0.8
314,06:00,09:00,1.2
314,09:00,16:00,1.0
314,16:00,20:00,1.5
314,20:00,06:00,0.8
315,06:00,09:00,1.2
315,09:00,16:00,1.0
315,16:00,20:00,1.5
315,20:00,06:00,0.8
316,06:00,09:00,1.2
316,09:00,16:00,1.0
316,16:00,20:00,1.5
316,20:00,06:00,0.8
317,06:00,09:00,1.2
317,09:00,16:00,1.0
317,16:00,20:00,1.5
317,20:00,06:00,0.8
318,06:00,09:00,1.2
318,09:00,16:00,1.0
318,16:00,20:00,1.5
318,20:00,06:00,0.8
319,06:00,09:00,1.2
319,09:00,16:00,1.0
319,16:00,20:00,1.5
319,20:00,06:00,0.8
320,06:00,09:00,1.2
320,09:00,16:00,1.0
320,16:00,20:00,1.5
320,20:00,06:00,0.8
321,06:00,09:00,1.2
321,09:00,16:00,1.0
321,16:00,20:00,1.5
321,20:00,06:00,0.8
322,06:00,09:00,1.2
322,09:00,16:00,1.0
322,16:00,20:00,1.5
322,20:00,06:00,0.8
323,06:00,09:00,1.2
323,09:00,16:00,1.0
323,16:00,20:00,1.5
323,20:00,06:00,0.8
324,06:00,09:00,1.2
324,09:00,16:00,1.0
324,16:00,20:00,1.5
324,20:00,06:00,0.8
325,06:00,09:00,1.2
325,09:00,16:00,1.0
325,16:00,20:00,1.5
325,20:00,06:00,0.8
326,06:00,09:00,1.2
326,09:00,16:00,1.0
326,16:00,20:00,1.5
326,20:00,06:00,0.8
327,06:00,09:00,1.2
327,09:00,16:00,1.0
327,16:00,20:00,1.5
327,20:00,06:00,0.8
328,06:00,09:00,1.2
328,09:00,16:00,1.0
328,16:00,20:00,1.5
328,20:00,06:00,0.8
329,06:00,09:00,1.2
329,09:00,16:00,1.0
329,16:00,20:00,1.5
329,20:00,06:00,0.8
330,06:00,09:00,1.2
330,09:00,16:00,1.0
330,16:00,20:00,1.5
330,20:00,06:00,0.8
331,06:00,09:00,1.2
331,09:00,16:00,1.0
331,16:00,20:00,1.5
331,20:00,06:00,0.8
332,06:00,09:00,1.2
332,09:00,16:00,1.0
332,16:00,20:00,1.5
332,20:00,06:00,0.8
333,06:00,09:00,1.2
333,09:00,16:00,1.0
333,16:00,20:00,1.5
333,20:00,06:00,0.8
334,06:00,09:00,1.2
334,09:00,16:00,1.0
334,16:00,20:00,1.5
334,20:00,06:00,0.8
335,06:00,09:00,1.2
335,09:00,16:00,1.0
335,16:00,20:00,1.5
335,20:00,06:00,0.8
336,06:00,09:00,1.2
336,09:00,16:00,1.0
336,16:00,20:00,1.5
336,20:00,06:00,0.8
337,06:00,09:00,1.2
337,09:00,16:00,1.0
337,16:00,20:00,1.5
337,20:00,06:00,0.8
338,06:00,09:00,1.2
338,09:00,16:00,1.0
338,16:00,20:00,1.5
338,20:00,06:00,0.8
339,06:00,09:00,1.2
339,09:00,16:00,1.0
339,16:00,20:00,1.5
339,20:00,06:00,0.8
340,06:00,09:00,1.2
340,09:00,16:00,1.0
340,16:00,20:00,1.5
340,20:00,06:00,0.8
341,06:00,09:00,1.2
341,09:00,16:00,1.0
341,16:00,20:00,1.5
341,20:00,06:00,0.8
342,06:00,09:00,1.2
342,09:00,16:00,1.0
342,16:00,20:00,1.5
342,20:00,06:00,0.8
343,06:00,09:00,1.2
343,09:00,16:00,1.0
343,16:00,20:00,1.5
343,20:00,06:00,0.8
344,06:00,09:00,1.2
344,09:00,16:00,1.0
344,16:00,20:00,1.5
344,20:00,06:00,0.8
345,06:00,09:00,1.2
345,09:00,16:00,1.0
345,16:00,20:00,1.5
345,20:00,06:00,0.8
346,06:00,09:00,1.2
346,09:00,16:00,1.0
346,16:00,20:00,1.5
346,20:00,06:00,0.8
347,06:00,09:00,1.2
347,09:00,16:00,1.0
347,16:00,20:00,1.5
347,20:00,06:00,0.8
348,06:00,09:00,1.2
348,09:00,16:00,1.0
348,16:00,20:00,1.5
348,20:00,06:00,0.8
349,06:00,09:00,1.2
349,09:00,16:00,1.0
349,16:00,20:00,1.5
349,20:00,06:00,0.8
350,06:00,09:00,1.2
350,09:00,16:00,1.0
350,16:00,20:00,1.5
350,20:00,06:00,0.8
351,06:00,09:00,1.2
351,09:00,16:00,1.0
351,16:00,20:00,1.5
351,20:00,06:00,0.8
352,06:00,09:00,1.2
352,09:00,16:00,1.0
352,16:00,20:00,1.5
352,20:00,06:00,0.8
353,06:00,09:00,1.2
353,09:00,16:00,1.0
353,16:00,20:00,1.5
353,20:00,06:00,0.8
354,06:00,09:00,1.2
354,09:00,16:00,1.0
354,16:00,20:00,1.5
354,20:00,06:00,0.8
355,06:00,09:00,1.2
355,09:00,16:00,1.0
355,16:00,20:00,1.5
355,20:00,06:00,0.8
356,06:00,09:00,1.2
356,09:00,16:00,1.0
356,16:00,20:00,1.5
356,20:00,06:00,0.8
357,06:00,09:00,1.2
357,09:00,16:00,1.0
357,16:00,20:00,1.5
357,20:00,06:00,0.8
358,06:00,09:00,1.2
358,09:00,16:00,1.0
358,16:00,20:00,1.5
358,20:00,06:00,0.8
359,06:00,09:00,1.2
359,09:00,16:00,1.0
359,16:00,20:00,1.5
359,20:00,06:00,0.8
360,06:00,09:00,1.2
360,09:00,16:00,1.0
360,16:00,20:00,1.5
360,20:00,06:00,0.8
361,06:00,09:00,1.2
361,09:00,16:00,1.0
361,16:00,20:00,1.5
361,20:00,06:00,0.8
362,06:00,09:00,1.2
362,09:00,16:00,1.0
362,16:00,20:00,1.5
362,20:00,06:00,0.8
363,06:00,09:00,1.2
363,09:00,16:00,1.0
363,16:00,20:00,1.5
363,20:00,06:00,0.8
364,06:00,09:00,1.2
364,09:00,16:00,1.0
364,16:00,20:00,1.5
364,20:00,06:00,0.8
365,06:00,09:00,1.2
365,09:00,16:00,1.0
365,16:00,20:00,1.5
365,20:00,06:00,0.8
366,06:00,09:00,1.2
366,09:00,16:00,1.0
366,16:00,20:00,1.5
366,20:00,06:00,0.8
367,06:00,09:00,1.2
367,09:00,16:00,1.0
367,16:00,20:00,1.5
367,20:00,06:00,0.8
368,06:00,09:00,1.2
368,09:00,16:00,1.0
368,16:00,20:00,1.5
368,20:00,06:00,0.8
369,06:00,09:00,1.2
369,09:00,16:00,1.0
369,16:00,20:00,1.5
369,20:00,06:00,0.8
370,06:00,09:00,1.2
370,09:00,16:00,1.0
370,16:00,20:00,1.5
370,20:00,06:00,0.8
371,06:00,09:00,1.2
371,09:00,16:00,1.0
371,16:00,20:00,1.5
371,20:00,06:00,0.8
372,06:00,09:00,1.2
372,09:00,16:00,1.0
372,16:00,20:00,1.5
372,20:00,06:00,0.8
373,06:00,09:00,1.2
373,09:00,16:00,1.0
373,16:00,20:00,1.5
373,20:00,06:00,0.8
374,06:00,09:00,1.2
374,09:00,16:00,1.0
374,16:00,20:00,1.5
374,20:00,06:00,0.8
375,06:00,09:00,1.2
375,09:00,16:00,1.0
375,16:00,20:00,1.5
375,20:00,06:00,0.8
376,06:00,09:00,1.2
376,09:00,16:00,1.0
376,16:00,20:00,1.5
376,20:00,06:00,0.8
377,06:00,09:00,1.2
377,09:00,16:00,1.0
377,16:00,20:00,1.5
377,20:00,06:00,0.8
378,06:00,09:00,1.2
378,09:00,16:00,1.0
378,16:00,20:00,1.5
378,20:00,06:00,0.8
379,06:00,09:00,1.2
379,09:00,16:00,1.0
379,16:00,20:00,1.5
379,20:00,06:00,0.8
380,06:00,09:00,1.2
380,09:00,16:00,1.0
380,16:00,20:00,1.5
380,20:00,06:00,0.8
381,06:00,09:00,1.2
381,09:00,16:00,1.0
381,16:00,20:00,1.5
381,20:00,06:00,0.8
383,06:00,09:00,1.2
383,09:00,16:00,1.0
383,16:00,20:00,1.5
383,20:00,06:00,0.8
384,06:00,09:00,1.2
384,09:00,16:00,1.0
384,16:00,20:00,1.5
384,20:00,06:00,0.8
385,06:00,09:00,1.2
385,09:00,16:00,1.0
385,16:00,20:00,1.5
385,20:00,06:00,0.8
386,06:00,09:00,1.2
386,09:00,16:00,1.0
386,16:00,20:00,1.5
386,20:00,06:00,0.8
387,06:00,09:00,1.2
387,09:00,16:00,1.0
387,16:00,20:00,1.5
387,20:00,06:00,0.8
388,06:00,09:00,1.2
388,09:00,16:00,1.0
388,16:00,20:00,1.5
388,20:00,06:00,0.8
389,06:00,09:00,1.2
389,09:00,16:00,1.0
389,16:00,20:00,1.5
389,20:00,06:00,0.8
390,06:00,09:00,1.2
390,09:00,16:00,1.0
390,16:00,20:00,1.5
390,20:00,06:00,0.8
391,06:00,09:00,1.2
391,09:00,16:00,1.0
391,16:00,20:00,1.5
391,20:00,06:00,0.8
392,06:00,09:00,1.2
392,09:00,16:00,1.0
392,16:00,20:00,1.5
392,20:00,06:00,0.8
393,06:00,09:00,1.2
393,09:00,16:00,1.0
393,16:00,20:00,1.5
393,20:00,06:00,0.8
394,06:00,09:00,1.2
394,09:00,16:00,1.0
394,16:00,20:00,1.5
394,20:00,06:00,0.8
395,06:00,09:00,1.2
395,09:00,16:00,1.0
395,16:00,20:00,1.5
395,20:00,06:00,0.8
396,06:00,09:00,1.2
396,09:00,16:00,1.0
396,16:00,20:00,1.5
396,20:00,06:00,0.8
397,06:00,09:00,1.2
397,09:00,16:00,1.0
397,16:00,20:00,1.5
397,20:00,06:00,0.8
398,06:00,09:00,1.2
398,09:00,16:00,1.0
398,16:00,20:00,1.5
398,20:00,06:00,0.8
399,06:00,09:00,1.2
399,09:00,16:00,1.0
399,16:00,20:00,1.5
399,20:00,06:00,0.8
400,06:00,09:00,1.2
400,09:00,16:00,1.0
400,16:00,20:00,1.5
400,20:00,06:00,0.8
401,06:00,09:00,1.2
401,09:00,16:00,1.0
401,16:00,20:00,1.5
401,20:00,06:00,0.8
402,06:00,09:00,1.2
402,09:00,16:00,1.0
402,16:00,20:00,1.5
402,20:00,06:00,0.8
403,06:00,09:00,1.2
403,09:00,16:00,1.0
403,16:00,20:00,1.5
403,20:00,06:00,0.8
404,06:00,09:00,1.2
404,09:00,16:00,1.0
404,16:00,20:00,1.5
404,20:00,06:00,0.8
405,06:00,09:00,1.2
405,09:00,16:00,1.0
405,16:00,20:00,1.5
405,20:00,06:00,0.8
406,06:00,09:00,1.2
406,09:00,16:00,1.0
406,16:00,20:00,1.5
406,20:00,06:00,0.8
407,06:00,09:00,1.2
407,09:00,16:00,1.0
407,16:00,20:00,1.5
407,20:00,06:00,0.8
408,06:00,09:00,1.2
408,09:00,16:00,1.0
408,16:00,20:00,1.5
408,20:00,06:00,0.8
409,06:00,09:00,1.2
409,09:00,16:00,1.0
409,16:00,20:00,1.5
409,20:00,06:00,0.8
410,06:00,09:00,1.2
410,09:00,16:00,1.0
410,16:00,20:00,1.5
410,20:00,06:00,0.8
411,06:00,09:00,1.2
411,09:00,16:00,1.0
411,16:00,20:00,1.5
411,20:00,06:00,0.8
412,06:00,09:00,1.2
412,09:00,16:00,1.0
412,16:00,20:00,1.5
412,20:00,06:00,0.8
413,06:00,09:00,1.2
413,09:00,16:00,1.0
413,16:00,20:00,1.5
413,20:00,06:00,0.8
414,06:00,09:00,1.2
414,09:00,16:00,1.0
414,16:00,20:00,1.5
414,20:00,06:00,0.8
415,06:00,09:00,1.2
415,09:00,16:00,1.0
415,16:00,20:00,1.5
415,20:00,06:00,0.8
416,06:00,09:00,1.2
416,09:00,16:00,1.0
416,16:00,20:00,1.5
416,20:00,06:00,0.8
417,06:00,09:00,1.2
417,09:00,16:00,1.0
417,16:00,20:00,1.5
417,20:00,06:00,0.8
418,06:00,09:00,1.2
418,09:00,16:00,1.0
418,16:00,20:00,1.5
418,20:00,06:00,0.8
419,06:00,09:00,1.2
419,09:00,16:00,1.0
419,16:00,20:00,1.5
419,20:00,06:00,0.8
420,06:00,09:00,1.2
420,09:00,16:00,1.0
420,16:00,20:00,1.5
420,20:00,06:00,0.8
421,06:00,09:00,1.2
421,09:00,16:00,1.0
421,16:00,20:00,1.5
421,20:00,06:00,0.8
422,06:00,09:00,1.2
422,09:00,16:00,1.0
422,16:00,20:00,1.5
422,20:00,06:00,0.8
423,06:00,09:00,1.2
423,09:00,16:00,1.0
423,16:00,20:00,1.5
423,20:00,06:00,0.8
424,06:00,09:00,1.2
424,09:00,16:00,1.0
424,16:00,20:00,1.5
424,20:00,06:00,0.8
425,06:00,09:00,1.2
425,09:00,16:00,1.0
425,16:00,20:00,1.5
425,20:00,06:00,0.8
426,06:00,09:00,1.2
426,09:00,16:00,1.0
426,16:00,20:00,1.5
426,20:00,06:00,0.8
427,06:00,09:00,1.2
427,09:00,16:00,1.0
427,16:00,20:00,1.5
427,20:00,06:00,0.8
428,06:00,09:00,1.2
428,09:00,16:00,1.0
428,16:00,20:00,1.5
428,20:00,06:00,0.8
429,06:00,09:00,1.2
429,09:00,16:00,1.0
429,16:00,20:00,1.5
429,20:00,06:00,0.8
430,06:00,09:00,1.2
430,09:00,16:00,1.0
430,16:00,20:00,1.5
430,20:00,06:00,0.8
431,06:00,09:00,1.2
431,09:00,16:00,1.0
431,16:00,20:00,1.5
431,20:00,06:00,0.8
432,06:00,09:00,1.2
432,09:00,16:00,1.0
432,16:00,20:00,1.5
432,20:00,06:00,0.8
433,06:00,09:00,1.2
433,09:00,16:00,1.0
433,16:00,20:00,1.5
433,20:00,06:00,0.8
434,06:00,09:00,1.2
434,09:00,16:00,1.0
434,16:00,20:00,1.5
434,20:00,06:00,0.8
435,06:00,09:00,1.2
435,09:00,16:00,1.0
435,16:00,20:00,1.5
435,20:00,06:00,0.8
436,06:00,09:00,1.2
436,09:00,16:00,1.0
436,16:00,20:00,1.5
436,20:00,06:00,0.8
437,06:00,09:00,1.2
437,09:00,16:00,1.0
437,16:00,20:00,1.5
437,20:00,06:00,0.8
438,06:00,09:00,1.2
438,09:00,16:00,1.0
438,16:00,20:00,1.5
438,20:00,06:00,0.8
439,06:00,09:00,1.2
439,09:00,16:00,1.0
439,16:00,20:00,1.5
439,20:00,06:00,0.8
440,06:00,09:00,1.2
440,09:00,16:00,1.0
440,16:00,20:00,1.5
440,20:00,06:00,0.8
441,06:00,09:00,1.2
441,09:00,16:00,1.0
441,16:00,20:00,1.5
441,20:00,06:00,0.8
442,06:00,09:00,1.2
442,09:00,16:00,1.0
442,16:00,20:00,1.5
442,20:00,06:00,0.8
443,06:00,09:00,1.2
443,09:00,16:00,1.0
443,16:00,20:00,1.5
443,20:00,06:00,0.8
444,06:00,09:00,1.2
444,09:00,16:00,1.0
444,16:00,20:00,1.5
444,20:00,06:00,0.8
445,06:00,09:00,1.2
445,09:00,16:00,1.0
445,16:00,20:00,1.5
445,20:00,06:00,0.8
446,06:00,09:00,1.2
446,09:00,16:00,1.0
446,16:00,20:00,1.5
446,20:00,06:00,0.8
447,06:00,09:00,1.2
447,09:00,16:00,1.0
447,16:00,20:00,1.5
447,20:00,06:00,0.8
448,06:00,09:00,1.2
448,09:00,16:00,1.0
448,16:00,20:00,1.5
448,20:00,06:00,0.8
449,06:00,09:00,1.2
449,09:00,16:00,1.0
449,16:00,20:00,1.5
449,20:00,06:00,0.8
450,06:00,09:00,1.2
450,09:00,16:00,1.0
450,16:00,20:00,1.5
450,20:00,06:00,0.8
451,06:00,09:00,1.2
451,09:00,16:00,1.0
451,16:00,20:00,1.5
451,20:00,06:00,0.8
452,06:00,09:00,1.2
452,09:00,16:00,1.0
452,16:00,20:00,1.5
452,20:00,06:00,0.8
453,06:00,09:00,1.2
453,09:00,16:00,1.0
453,16:00,20:00,1.5
453,20:00,06:00,0.8
454,06:00,09:00,1.2
454,09:00,16:00,1.0
454,16:00,20:00,1.5
454,20:00,06:00,0.8
455,06:00,09:00,1.2
455,09:00,16:00,1.0
455,16:00,20:00,1.5
455,20:00,06:00,0.8
456,06:00,09:00,1.2
456,09:00,16:00,1.0
456,16:00,20:00,1.5
456,20:00,06:00,0.8
457,06:00,09:00,1.2
457,09:00,16:00,1.0
457,16:00,20:00,1.5
457,20:00,06:00,0.8
458,06:00,09:00,1.2
458,09:00,16:00,1.0
458,16:00,20:00,1.5
458,20:00,06:00,0.8
459,06:00,09:00,1.2
459,09:00,16:00,1.0
459,16:00,20:00,1.5
459,20:00,06:00,0.8
460,06:00,09:00,1.2
460,09:00,16:00,1.0
460,16:00,20:00,1.5
460,20:00,06:00,0.8
461,06:00,09:00,1.2
461,09:00,16:00,1.0
461,16:00,20:00,1.5
461,20:00,06:00,0.8
462,06:00,09:00,1.2
462,09:00,16:00,1.0
462,16:00,20:00,1.5
462,20:00,06:00,0.8
463,06:00,09:00,1.2
463,09:00,16:00,1.0
463,16:00,20:00,1.5
463,20:00,06:00,0.8
464,06:00,09:00,1.2
464,09:00,16:00,1.0
464,16:00,20:00,1.5
464,20:00,06:00,0.8
465,06:00,09:00,1.2
465,09:00,16:00,1.0
465,16:00,20:00,1.5
465,20:00,06:00,0.8
466,06:00,09:00,1.2
466,09:00,16:00,1.0
466,16:00,20:00,1.5
466,20:00,06:00,0.8
467,06:00,09:00,1.2
467,09:00,16:00,1.0
467,16:00,20:00,1.5
467,20:00,06:00,0.8
468,06:00,09:00,1.2
468,09:00,16:00,1.0
468,16:00,20:00,1.5
468,20:00,06:00,0.8
469,06:00,09:00,1.2
469,09:00,16:00,1.0
469,16:00,20:00,1.5
469,20:00,06:00,0.8
470,06:00,09:00,1.2
470,09:00,16:00,1.0
470,16:00,20:00,1.5
470,20:00,06:00,0.8
471,06:00,09:00,1.2
471,09:00,16:00,1.0
471,16:00,20:00,1.5
471,20:00,06:00,0.8
472,06:00,09:00,1.2
472,09:00,16:00,1.0
472,16:00,20:00,1.5
472,20:00,06:00,0.8
473,06:00,09:00,1.2
473,09:00,16:00,1.0
473,16:00,20:00,1.5
473,20:00,06:00,0.8
474,06:00,09:00,1.2
474,09:00,16:00,1.0
474,16:00,20:00,1.5
474,20:00,06:00,0.8
475,06:00,09:00,1.2
475,09:00,16:00,1.0
475,16:00,20:00,1.5
475,20:00,06:00,0.8
476,06:00,09:00,1.2
476,09:00,16:00,1.0
476,16:00,20:00,1.5
476,20:00,06:00,0.8
477,06:00,09:00,1.2
477,09:00,16:00,1.0
477,16:00,20:00,1.5
477,20:00,06:00,0.8
478,06:00,09:00,1.2
478,09:00,16:00,1.0
478,16:00,20:00,1.5
478,20:00,06:00,0.8
479,06:00,09:00,1.2
479,09:00,16:00,1.0
479,16:00,20:00,1.5
479,20:00,06:00,0.8
